{
  "dist": "gaussian",
  "log_t_f": [
    -1.0646764,
    0.14430073,
    -0.6812286,
    -0.6917447,
    -1.1861558,
    0.45961002,
    -0.27907154,
    -0.72913027,
    -0.16078341,
    -1.3777329,
    -0.6282472,
    -0.9626507,
    -0.24148722,
    -0.21559763,
    -0.05075379,
    -0.21558328,
    -0.15408511,
    0.3105271,
    -0.06147647,
    0.23495542,
    -0.01633468,
    -0.15943536,
    -0.10747752,
    0.01384715,
    0.17778762,
    -0.02658308,
    -0.9740091,
    0.01490435
  ],
  "scalar_s": 1.0102174907922743
}